all_api,cuckoo+droidmon,Restricted API,Highly-Correlation API,Sensitive Operation/API
android.telephony.TelephonyManager/getDeviceId,android.telephony.TelephonyManager/getDeviceId,android.provider.ContactsContract/set,android.telephony.SmsManager/sendTextMessage,java.lang.Runtime/getRuntime
android.telephony.TelephonyManager/getSubscriberId,android.telephony.TelephonyManager/getSubscriberId,android.provider.Browser/updateVisitedHistory,android.telephony.SmsManager/getDefault,java.lang.Runtime/exec
android.telephony.TelephonyManager/getLine1Number,android.telephony.TelephonyManager/getLine1Number,android.location.LocationManager/sendExtraCommand,android.telephony.SmsManager/sendDataMessage,java.lang.ProcessBuilder/start
android.telephony.TelephonyManager/getNetworkOperator,android.telephony.TelephonyManager/getNetworkOperator,android.provider.Browser/addSearchUrl,android.net.wifi.WifiManager/setWifiEnabled,java.lang.Runtime/load
android.telephony.TelephonyManager/getNetworkOperatorName,android.telephony.TelephonyManager/getNetworkOperatorName,android.location.LocationManager/requestLocationUpdates,android.telephony.TelephonyManager/getLine1Number,java.lang.Runtime/loadLibrary
android.telephony.TelephonyManager/getSimOperatorName,android.telephony.TelephonyManager/getSimOperatorName,android.net.sip.SipManager/createSipSession,java.io.DataInputStream/readLine,android.os.Environment/getDataDirectory
android.net.wifi.WifiInfo/getMacAddress,android.net.wifi.WifiInfo/getMacAddress,android.location.LocationManager/addNmeaListener,android.telephony.SmsMessage/createFromPdu,android.os.Environment/getDownloadCacheDirectory
android.telephony.TelephonyManager/getSimCountryIso,android.telephony.TelephonyManager/getSimCountryIso,android.telephony.SmsManager/divideMessage,java.security.InvalidAlgorithmParameterException/printStackTrace,android.os.Environment/getExternalStorageDirectory
android.telephony.TelephonyManager/getSimSerialNumber,android.telephony.TelephonyManager/getSimSerialNumber,android.net.sip.SipManager/register,android.net.Proxy/getDefaultPort,android.os.Environment/getExternalStoragePublicDirectory
android.telephony.TelephonyManager/getNetworkCountryIso,android.telephony.TelephonyManager/getNetworkCountryIso,android.location.LocationManager/getProvider,java.security.Key/getEncoded,android.os.Environment/getRootDirectory
android.telephony.TelephonyManager/getDeviceSoftwareVersion,android.telephony.TelephonyManager/getDeviceSoftwareVersion,android.telephony.TelephonyManager/getCellLocation,android.net.Proxy/getDefaultHost,android.os.storage.StorageManager/getPrimaryStorageVolume
android.os.Debug/isDebuggerConnected,android.os.Debug/isDebuggerConnected,android.provider.ContactsContract/getContactLookupUri,android.telephony.TelephonyManager/getSimSerialNumber,android.os.storage.StorageManager/getStorageVolumes
android.app.SharedPreferencesImpl$EditorImpl/putString,android.app.SharedPreferencesImpl$EditorImpl/putString,android.telephony.TelephonyManager/getDeviceSoftwareVersion,android.app.Application/onCreate,java.io.File/createNewFile
android.app.SharedPreferencesImpl$EditorImpl/putBoolean,android.app.SharedPreferencesImpl$EditorImpl/putBoolean,android.app.DownloadManager/getUriForDownloadedFile,android.content.IntentFilter/setPriority,java.io.File/delete
android.app.SharedPreferencesImpl$EditorImpl/putInt,android.app.SharedPreferencesImpl$EditorImpl/putInt,android.provider.Browser/deleteHistoryTimeFrame,javax.crypto.IllegalBlockSizeException/printStackTrace,java.io.File/listFiles
android.app.SharedPreferencesImpl$EditorImpl/putLong,android.app.SharedPreferencesImpl$EditorImpl/putLong,android.telephony.PhoneNumberUtils/isVoiceMailNumber,javax.crypto.BadPaddingException/printStackTrace,java.io.File/list
android.app.SharedPreferencesImpl$EditorImpl/putFloat,android.app.SharedPreferencesImpl$EditorImpl/putFloat,android.speech.SpeechRecognizer/cancel,android.telephony.TelephonyManager/getSubscriberId,java.io.File/mkdir
android.content.ContentValues/put,android.content.ContentValues/put,android.provider.ContactsContract/markAsContacted,org.xmlpull.v1.XmlSerializer/text,java.io.File/renameTo
java.net.URL/openConnection,java.net.URL/openConnection,android.telephony.TelephonyManager/getSubscriberId,java.security.cert.CertificateEncodingException/printStackTrace,java.io.FileWriter/write
org.apache.http.impl.client.AbstractHttpClient/execute,org.apache.http.impl.client.AbstractHttpClient/execute,android.telephony.gsm.SmsManager/sendTextMessage,java.lang.Process/waitFor,java.io.FileOutputStream/write
android.app.ContextImpl/registerReceiver,android.app.ContextImpl/registerReceiver,android.telephony.TelephonyManager/getGroupIdLevel1,android.telephony.SmsMessage/getOriginatingAddress,android.database.sqlite.SQLiteDatabase/create
android.app.ActivityThread/handleReceiver,android.app.ActivityThread/handleReceiver,android.provider.ContactsContract/notifyDirectoryChange,android.net.wifi.WifiManager/getConfiguredNetworks,android.database.sqlite.SQLiteDatabase/delete
android.app.Activity/startActivity,android.app.Activity/startActivity,android.provider.Contacts/setSetting,java.lang.Process/getOutputStream,android.database.sqlite.SQLiteDatabase/deleteDatabase
dalvik.system.BaseDexClassLoader/findResource,dalvik.system.BaseDexClassLoader/findResource,android.accounts.AccountManager/editProperties,android.telephony.SmsMessage/getMessageBody,android.database.sqlite.SQLiteDatabase/execSQL
dalvik.system.BaseDexClassLoader/findLibrary,dalvik.system.BaseDexClassLoader/findLibrary,android.widget.QuickContactBadge/assignContactFromEmail,javax.crypto.spec.DESKeySpec/DESKeySpec,android.database.sqlite.SQLiteDatabase/insert
dalvik.system.DexFile/loadDex,dalvik.system.DexFile/loadDex,android.net.sip.SipManager/open,java.net.URISyntaxException/getCause,android.database.sqlite.SQLiteDatabase/insertWithOnConflict
dalvik.system.BaseDexClassLoader/findResources,dalvik.system.BaseDexClassLoader/findResources,android.accounts.AccountManager/addAccount,android.webkit.WebSettings/getMinimumFontSize,android.database.sqlite.SQLiteDatabase/query
dalvik.system.DexFile/loadClass,dalvik.system.DexFile/loadClass,android.provider.Contacts/markAsContacted,java.util.concurrent.FutureTask/done,android.database.sqlite.SQLiteDatabase/rawQuery
java.lang.reflect.Method/invoke,java.lang.reflect.Method/invoke,android.provider.Browser/deleteFromHistory,java.io.BufferedInputStream/reset,android.database.sqlite.SQLiteDatabase/updateWithOnConflict
javax.crypto.Cipher/doFinal,javax.crypto.Cipher/doFinal,android.accounts.AccountManager/blockingGetAuthToken,java.io.BufferedInputStream/mark,android.database.sqlite.SQLiteDatabase/update
javax.crypto.Mac/doFinal,javax.crypto.Mac/doFinal,android.app.DownloadManager/enqueue,java.security.Security/setProperty,android.database.sqlite.SQLiteOpenHelper/SQLiteOpenHelper
android.app.ApplicationPackageManager/setComponentEnabledSetting,android.app.ApplicationPackageManager/setComponentEnabledSetting,android.net.ConnectivityManager/startUsingNetworkFeature,android.webkit.WebSettings/setMinimumFontSize,java.net.URLConnection/connect
android.app.NotificationManager/notify,android.app.NotificationManager/notify,android.telephony.SubscriptionManager/addOnSubscriptionsChangedListener,android.webkit.WebView/setDownloadListener,java.net.HttpURLConnection/connect
android.util.Base64/decode,android.util.Base64/decode,android.location.LocationManager/getBestProvider,javax.crypto.NoSuchPaddingException/printStackTrace,java.net.Socket/connect
android.telephony.TelephonyManager/listen,android.telephony.TelephonyManager/listen,android.accounts.AccountManager/hasFeatures,java.security.InvalidKeyException/printStackTrace,android.os.PowerManager/newWakeLock
android.util.Base64/encode,android.util.Base64/encode,android.accounts.AccountManager/getAccounts,java.util.concurrent.ThreadPoolExecutor/getCompletedTaskCount,android.content.Context/startService
android.util.Base64/encodeToString,android.util.Base64/encodeToString,android.telephony.SmsManager/sendMultipartTextMessage,java.util.concurrent.ThreadPoolExecutor/getTaskCount,android.content.Context/stopService
android.net.ConnectivityManager/setMobileDataEnabled,android.net.ConnectivityManager/setMobileDataEnabled,android.accounts.AccountManager/getAuthToken,android.webkit.WebSettings/setTextSize,android.content.Context/bindService
android.content.BroadcastReceiver/abortBroadcast,android.content.BroadcastReceiver/abortBroadcast,android.provider.Browser/truncateHistory,java.security.cert.Certificate/getPublicKey,android.app.ActivityManager/getRunningTasks
android.telephony.SmsManager/sendTextMessage,android.telephony.SmsManager/sendTextMessage,android.net.sip.SipManager/close,android.telephony.TelephonyManager/getVoiceMailAlphaTag,android.app.ActivityManager/getRunningServices
android.telephony.SmsManager/sendMultipartTextMessage,android.telephony.SmsManager/sendMultipartTextMessage,android.net.sip.SipManager/unregister,android.net.NetworkInfo/getExtraInfo,android.app.ActivityManager/killBackgroundProcesses
java.lang.Runtime/exec,java.lang.Runtime/exec,android.app.KeyguardManager/exitKeyguardSecurely,java.util.zip.Adler32/reset,android.app.ActivityManager/getRunningAppProcesses
java.lang.ProcessBuilder/start,java.lang.ProcessBuilder/start,android.accounts.AccountManager/getAuthTokenLabel,java.io.LineNumberReader/close,android.content.Context/startActivity
java.io.FileOutputStream/write,java.io.FileOutputStream/write,android.location.LocationManager/addGpsStatusListener,java.util.jar.JarFile/entries,android.content.Context/sendBroadcast
java.io.FileInputStream/read,java.io.FileInputStream/read,android.media.MediaRecorder/setVideoSource,java.util.jar.JarEntry/getName,android.content.Context/registerReceiver
android.app.ActivityManager/killBackgroundProcesses,android.app.ActivityManager/killBackgroundProcesses,android.provider.Contacts/queryGroups,android.os.HandlerThread/isAlive,android.content.BroadcastReceiver/abortBroadcast
android.os.Process/killProcess,android.os.Process/killProcess,android.telephony.SubscriptionManager/getActiveSubscriptionInfo,android.location.LocationManager/setTestProviderEnabled,java.lang.Class/forName
android.content.ContentResolver/query,android.content.ContentResolver/query,android.telephony.TelephonyManager/getVoiceMailNumber,android.telephony.SignalStrength/getEvdoSnr,java.lang.Class/getDeclaredMethod
android.content.ContentResolver/registerContentObserver,android.content.ContentResolver/registerContentObserver,android.hardware.Camera/open,android.app.AlertDialog/onCreate,java.lang.Class/getDeclaredMethods
android.content.ContentResolver/insert,android.content.ContentResolver/insert,android.provider.ContactsContract/newSetOperation,java.security.spec.RSAPrivateCrtKeySpec/RSAPrivateCrtKeySpec,java.lang.Class/getDeclaredField
android.accounts.AccountManager/getAccountsByType,android.accounts.AccountManager/getAccountsByType,android.telephony.TelephonyManager/getAllCellInfo,android.view.animation.AlphaAnimation/start,java.lang.reflect.Method/invoke
android.accounts.AccountManager/getAccounts,android.accounts.AccountManager/getAccounts,android.provider.Browser/clearSearches,java.lang.Exception/fillInStackTrace,java.lang.reflect.Proxy/newProxyInstance
android.location.Location/getLatitude,android.location.Location/getLatitude,android.telephony.TelephonyManager/getVoiceMailAlphaTag,android.telephony.SignalStrength/getCdmaEcio,android.view.ViewManager/addView
android.location.Location/getLongitude,android.location.Location/getLongitude,android.telephony.gsm.SmsManager/divideMessage,android.telephony.TelephonyManager/getVoiceMailNumber,android.view.ViewManager/removeView
android.content.ContentResolver/delete,android.content.ContentResolver/delete,android.inputmethodservice.KeyboardView/swipeDown,java.text.SimpleDateFormat/applyLocalizedPattern,android.view.ViewGroup/addView
android.media.AudioRecord/startRecording,android.media.AudioRecord/startRecording,android.net.sip.SipManager/isOpened,java.security.interfaces.RSAPrivateKey/getModulus,android.widget.TextView/setText
android.media.MediaRecorder/start,android.media.MediaRecorder/start,android.location.LocationManager/isProviderEnabled,java.net.URLClassLoader/loadClass,android.app.AlertDialog/AlertDialog
android.os.SystemProperties/get,android.os.SystemProperties/get,android.telephony.gsm.SmsManager/sendMultipartTextMessage,java.net.NetworkInterface/getDisplayName,android.view.WindowManager/aadView
android.app.ApplicationPackageManager/getInstalledPackages,android.app.ApplicationPackageManager/getInstalledPackages,android.net.sip.SipManager/getSessionFor,java.util.zip.Adler32/update,android.util.Base64/encode
libcore.io.IoBridge/open,libcore.io.IoBridge/open,android.telephony.TelephonyManager/getDeviceId,java.util.zip.Adler32/getValue,android.util.Base64/decode
android.telephony.SmsManager/getAllMessagesFromIcc,android.telephony.SmsManager/getAllMessagesFromIcc,android.telephony.TelephonyManager/getNeighboringCellInfo,java.nio.charset.CoderResult/toString,javax.crypto.Cipher/doFinal
android.telephony.SmsManager/sendDataMessage,android.telephony.SmsManager/sendDataMessage,android.telephony.TelephonyManager/listen,java.util.Date/toLocaleString,javax.crypto.Cipher/getInstance
android.app.ActivityManager/forceStopPackage,android.app.ActivityManager/forceStopPackage,android.media.MediaRecorder/setAudioSource,java.security.interfaces.RSAPublicKey/getModulus,javax.crypto.Cipher/init
android.app.AlarmManager/setImpl,android.app.AlarmManager/setImpl,android.speech.SpeechRecognizer/stopListening,java.io.UnsupportedEncodingException/initCause,javax.crypto.spec.SecretKeySpec/SecretKeySpec
android.hardware.Camera/setPreviewCallback,android.hardware.Camera/setPreviewCallback,android.location.LocationManager/addProximityAlert,android.webkit.WebView/setVerticalScrollbarOverlay,java.lang.ClassLoader/ClassLoader
android.hardware.Camera/setPreviewCallbackWithBuffer,android.hardware.Camera/setPreviewCallbackWithBuffer,android.provider.CalendarContract/query,javax.crypto.spec.DESedeKeySpec/DESedeKeySpec,dalvik.system.BaseDexClassLoader/BaseDexClassLoader
android.hardware.Camera/setOneShotPreviewCallback,android.hardware.Camera/setOneShotPreviewCallback,android.provider.Contacts/getSetting,java.text.DateFormat/getInstance,dalvik.system.PathClassLoader/PathClassLoader
android.content.ContentResolver/bulkInsert,android.content.ContentResolver/bulkInsert,android.accounts.AccountManager/updateCredentials,java.io.LineNumberReader/readLine,dalvik.system.DexClassLoader/DexClassLoader
android.content.ContentResolver/update,android.content.ContentResolver/update,android.accounts.AccountManager/removeAccount,org.xmlpull.v1.XmlSerializer/setFeature,dalvik.system.DexFile/DexFile
android.content.ContentResolver/applyBatch,android.content.ContentResolver/applyBatch,android.provider.CalendarContract/insert,android.telephony.cdma.CdmaCellLocation/getNetworkId,dalvik.system.InMemoryDexClassLoader/InMemoryDexClassLoader
android.app.ApplicationPackageManager/installPackage,android.app.ApplicationPackageManager/installPackage,android.accounts.AccountManager/addOnAccountsUpdatedListener,java.lang.Process/destroy,
android.app.ApplicationPackageManager/deletePackage,android.app.ApplicationPackageManager/deletePackage,android.telephony.SmsManager/downloadMultimediaMessage,java.io.LineNumberReader/LineNumberReader,
android.app.ActivityManager/isUserAMonkey,android.app.ActivityManager/isUserAMonkey,android.telecom.TelecomManager/isInCall,android.content.res.Configuration/setToDefaults,
android.app.Application/onCreate,android.app.Application/onCreate,android.telephony.SubscriptionManager/getActiveSubscriptionInfoForSimSlotIndex,android.telephony.cdma.CdmaCellLocation/getBaseStationId,
java.io.File/exists,java.io.File/exists,android.net.sip.SipManager/takeAudioCall,android.net.SSLCertificateSocketFactory/getHttpSocketFactory,
android.provider.ContactsContract/set,,android.location.LocationManager/requestSingleUpdate,java.util.jar.JarFile/close,
android.provider.Browser/updateVisitedHistory,,android.telephony.SubscriptionManager/getActiveSubscriptionInfoCount,java.net.URL/getDefaultPort,
android.location.LocationManager/sendExtraCommand,,android.telephony.SmsManager/sendTextMessage,java.security.spec.RSAPrivateKeySpec/RSAPrivateKeySpec,
android.provider.Browser/addSearchUrl,,android.net.sip.SipManager/makeAudioCall,org.apache.http.params.HttpParams/setIntParameter,
android.location.LocationManager/requestLocationUpdates,,android.provider.Browser/clearHistory,java.util.concurrent.ThreadPoolExecutor/getActiveCount,
android.net.sip.SipManager/createSipSession,,android.net.sip.SipManager/setRegistrationListener,javax.net.ssl.HttpsURLConnection/setDefaultHostnameVerifier,
android.location.LocationManager/addNmeaListener,,android.accounts.AccountManager/getAccountsByTypeAndFeatures,java.lang.ProcessBuilder/redirectErrorStream,
android.telephony.SmsManager/divideMessage,,android.telephony.SmsManager/sendMultimediaMessage,android.telephony.SmsManager/divideMessage,
android.net.sip.SipManager/register,,android.speech.SpeechRecognizer/setRecognitionListener,java.util.zip.Adler32/Adler32,
android.location.LocationManager/getProvider,,android.provider.ContactsContract/get,java.util.Properties/store,
android.telephony.TelephonyManager/getCellLocation,,android.provider.VoicemailContract/buildSourceUri,java.util.zip.GZIPOutputStream/flush,
android.provider.ContactsContract/getContactLookupUri,,android.telephony.SubscriptionManager/getActiveSubscriptionInfoList,java.net.URLConnection/setDoInput,
android.app.DownloadManager/getUriForDownloadedFile,,android.speech.SpeechRecognizer/startListening,android.bluetooth.BluetoothAdapter/getAddress,
android.provider.Browser/deleteHistoryTimeFrame,,android.widget.QuickContactBadge/onClick,java.security.cert.CertificateException/printStackTrace,
android.telephony.PhoneNumberUtils/isVoiceMailNumber,,android.net.sip.SipManager/isRegistered,android.content.Context/fileList,
android.speech.SpeechRecognizer/cancel,,android.provider.Contacts/createPersonInMyContactsGroup,android.app.AlertDialog/AlertDialog,
android.provider.ContactsContract/markAsContacted,,android.telephony.gsm.SmsManager/sendDataMessage,java.nio.charset.CoderResult/isOverflow,
android.telephony.gsm.SmsManager/sendTextMessage,,android.accounts.AccountManager/getAccountsByType,java.util.zip.Deflater/finished,
android.telephony.TelephonyManager/getGroupIdLevel1,,android.provider.Contacts/addToMyContactsGroup,javax.crypto.SecretKeyFactory/generateSecret,
android.provider.ContactsContract/notifyDirectoryChange,,android.location.LocationManager/getProviders,javax.crypto.SecretKeyFactory/getInstance,
android.provider.Contacts/setSetting,,android.provider.CallLog/getLastOutgoingCall,java.net.URLClassLoader/URLClassLoader,
android.accounts.AccountManager/editProperties,,android.accounts.AccountManager/confirmCredentials,android.webkit.WebSettings/setDefaultZoom,
android.widget.QuickContactBadge/assignContactFromEmail,,android.accounts.AccountManager/getAuthTokenByFeatures,java.io.Reader/markSupported,
android.net.sip.SipManager/open,,android.telecom.TelecomManager/showInCallScreen,android.telephony.SmsMessage/getDisplayOriginatingAddress,
android.accounts.AccountManager/addAccount,,android.telephony.TelephonyManager/getSimSerialNumber,java.lang.Runtime/exec,
android.provider.Contacts/markAsContacted,,android.view.inputmethod.InputMethodManager/showInputMethodAndSubtypeEnabler,android.app.Application/Application,
android.provider.Browser/deleteFromHistory,,android.widget.QuickContactBadge/assignContactFromPhone,javax.crypto.Mac/getAlgorithm,
android.accounts.AccountManager/blockingGetAuthToken,,android.provider.ContactsContract/getWithUri,android.app.Service/onStartCommand,
android.app.DownloadManager/enqueue,,android.inputmethodservice.KeyboardView/swipeRight,java.lang.ClassLoader/getParent,
android.net.ConnectivityManager/startUsingNetworkFeature,,android.media.AudioRecord/AudioRecord,android.telephony.gsm.SmsManager/divideMessage,
android.telephony.SubscriptionManager/addOnSubscriptionsChangedListener,,android.provider.Contacts/addToGroup,android.widget.Button/setLeft,
android.location.LocationManager/getBestProvider,,android.telephony.TelephonyManager/getLine1Number,android.telephony.gsm.SmsManager/sendTextMessage,
android.accounts.AccountManager/hasFeatures,,android.provider.ContactsContract/getLookupUri,android.telephony.gsm.SmsManager/getDefault,
android.accounts.AccountManager/getAuthToken,,android.app.DownloadManager/addCompletedDownload,android.telephony.SignalStrength/getEvdoDbm,
android.provider.Browser/truncateHistory,,android.provider.Contacts/addPostalLocation,java.lang.Character/toTitleCase,
android.net.sip.SipManager/close,,android.telephony.SmsManager/sendDataMessage,android.text.format.Time/set,
android.net.sip.SipManager/unregister,,android.location.LocationManager/getLastKnownLocation,android.webkit.WebView/saveWebArchive,
android.app.KeyguardManager/exitKeyguardSecurely,,,android.app.Dialog/setOnKeyListener,
android.accounts.AccountManager/getAuthTokenLabel,,,java.util.SortedMap/putAll,
android.location.LocationManager/addGpsStatusListener,,,java.security.SecureRandom/setSeed,
android.media.MediaRecorder/setVideoSource,,,android.net.wifi.WifiManager/disableNetwork,
android.provider.Contacts/queryGroups,,,android.telephony.SmsMessage/getDisplayMessageBody,
android.telephony.SubscriptionManager/getActiveSubscriptionInfo,,,java.net.NetworkInterface/getByName,
android.telephony.TelephonyManager/getVoiceMailNumber,,,java.math.BigInteger/divideAndRemainder,
android.hardware.Camera/open,,,android.net.wifi.WifiManager/disconnect,
android.provider.ContactsContract/newSetOperation,,,android.app.Dialog/dispatchKeyEvent,
android.telephony.TelephonyManager/getAllCellInfo,,,java.lang.StringBuffer/ensureCapacity,
android.provider.Browser/clearSearches,,,java.util.SortedSet/addAll,
android.telephony.TelephonyManager/getVoiceMailAlphaTag,,,org.apache.http.conn.ConnectTimeoutException/printStackTrace,
android.telephony.gsm.SmsManager/divideMessage,,,java.lang.Process/getInputStream,
android.inputmethodservice.KeyboardView/swipeDown,,,javax.crypto.CipherOutputStream/flush,
android.net.sip.SipManager/isOpened,,,javax.crypto.CipherOutputStream/write,
android.location.LocationManager/isProviderEnabled,,,android.telephony.gsm.GsmCellLocation/getLac,
android.telephony.gsm.SmsManager/sendMultipartTextMessage,,,android.telephony.gsm.GsmCellLocation/getCid,
android.net.sip.SipManager/getSessionFor,,,android.telephony.TelephonyManager/getCellLocation,
android.telephony.TelephonyManager/getNeighboringCellInfo,,,javax.crypto.CipherOutputStream/close,
android.media.MediaRecorder/setAudioSource,,,android.webkit.WebView/removeJavascriptInterface,
android.speech.SpeechRecognizer/stopListening,,,android.net.wifi.WifiManager/enableNetwork,
android.location.LocationManager/addProximityAlert,,,android.widget.EditText/setFocusableInTouchMode,
android.provider.CalendarContract/query,,,java.io.FileReader/read,
android.provider.Contacts/getSetting,,,java.io.FileNotFoundException/toString,
android.accounts.AccountManager/updateCredentials,,,android.telephony.cdma.CdmaCellLocation/getBaseStationLatitude,
android.accounts.AccountManager/removeAccount,,,android.telephony.cdma.CdmaCellLocation/getBaseStationLongitude,
android.provider.CalendarContract/insert,,,android.text.Editable/toString,
android.accounts.AccountManager/addOnAccountsUpdatedListener,,,android.net.wifi.WifiManager/isWifiEnabled,
android.telephony.SmsManager/downloadMultimediaMessage,,,android.app.Service/onStart,
android.telecom.TelecomManager/isInCall,,,android.webkit.WebView/getVisibility,
android.telephony.SubscriptionManager/getActiveSubscriptionInfoForSimSlotIndex,,,java.net.SocketException/printStackTrace,
android.net.sip.SipManager/takeAudioCall,,,org.w3c.dom.Element/getElementsByTagName,
android.location.LocationManager/requestSingleUpdate,,,android.widget.EditText/getContext,
android.telephony.SubscriptionManager/getActiveSubscriptionInfoCount,,,android.webkit.WebView/setTag,
android.net.sip.SipManager/makeAudioCall,,,java.lang.ProcessBuilder/start,
android.provider.Browser/clearHistory,,,java.lang.ProcessBuilder/ProcessBuilder,
android.net.sip.SipManager/setRegistrationListener,,,android.text.format.Time/toMillis,
android.accounts.AccountManager/getAccountsByTypeAndFeatures,,,java.text.SimpleDateFormat/applyPattern,
android.telephony.SmsManager/sendMultimediaMessage,,,android.app.Service/onLowMemory,
android.speech.SpeechRecognizer/setRecognitionListener,,,android.widget.LinearLayout/setMinimumWidth,
android.provider.ContactsContract/get,,,android.app.Application/attachBaseContext,
android.provider.VoicemailContract/buildSourceUri,,,java.lang.Character/Character,
android.telephony.SubscriptionManager/getActiveSubscriptionInfoList,,,javax.crypto.Cipher/getBlockSize,
android.speech.SpeechRecognizer/startListening,,,android.telephony.SignalStrength/isGsm,
android.widget.QuickContactBadge/onClick,,,java.net.NetworkInterface/getInetAddresses,
android.net.sip.SipManager/isRegistered,,,android.telephony.PhoneStateListener/onSignalStrengthsChanged,
android.provider.Contacts/createPersonInMyContactsGroup,,,android.net.NetworkInfo/isAvailable,
android.telephony.gsm.SmsManager/sendDataMessage,,,java.util.WeakHashMap/size,
android.provider.Contacts/addToMyContactsGroup,,,java.util.jar.JarFile/JarFile,
android.location.LocationManager/getProviders,,,android.telephony.SignalStrength/getGsmSignalStrength,
android.provider.CallLog/getLastOutgoingCall,,,java.security.DigestInputStream/getMessageDigest,
android.accounts.AccountManager/confirmCredentials,,,android.database.sqlite.SQLiteDatabase/isOpen,
android.accounts.AccountManager/getAuthTokenByFeatures,,,java.util.Hashtable/keys,
android.telecom.TelecomManager/showInCallScreen,,,android.content.pm.PackageManager/getPackageArchiveInfo,
android.view.inputmethod.InputMethodManager/showInputMethodAndSubtypeEnabler,,,android.telephony.SignalStrength/getCdmaDbm,
android.widget.QuickContactBadge/assignContactFromPhone,,,android.widget.Toast/cancel,
android.provider.ContactsContract/getWithUri,,,java.nio.charset.IllegalCharsetNameException/IllegalCharsetNameException,
android.inputmethodservice.KeyboardView/swipeRight,,,java.nio.channels.FileChannel/lock,
android.media.AudioRecord/AudioRecord,,,java.lang.NumberFormatException/printStackTrace,
android.provider.Contacts/addToGroup,,,java.nio.channels.FileLock/release,
android.provider.ContactsContract/getLookupUri,,,java.lang.Float/Float,
android.app.DownloadManager/addCompletedDownload,,,java.io.OutputStreamWriter/flush,
android.provider.Contacts/addPostalLocation,,,java.net.SocketTimeoutException/printStackTrace,
android.location.LocationManager/getLastKnownLocation,,,java.security.DigestInputStream/read,
android.telephony.SmsManager/getDefault,,,java.lang.StringBuffer/substring,
android.net.wifi.WifiManager/setWifiEnabled,,,android.net.wifi.WifiManager/updateNetwork,
java.io.DataInputStream/readLine,,,android.telephony.TelephonyManager/getSimState,
android.telephony.SmsMessage/createFromPdu,,,android.util.Base64/encode,
java.security.InvalidAlgorithmParameterException/printStackTrace,,,android.app.Service/onConfigurationChanged,
android.net.Proxy/getDefaultPort,,,java.io.StringReader/close,
java.security.Key/getEncoded,,,android.webkit.CookieManager/removeAllCookie,
android.net.Proxy/getDefaultHost,,,android.widget.EditText/setFocusable,
android.content.IntentFilter/setPriority,,,java.util.SortedSet/iterator,
javax.crypto.IllegalBlockSizeException/printStackTrace,,,java.nio.charset.CoderResult/isError,
javax.crypto.BadPaddingException/printStackTrace,,,android.telephony.cdma.CdmaCellLocation/getSystemId,
org.xmlpull.v1.XmlSerializer/text,,,java.io.BufferedWriter/close,
java.security.cert.CertificateEncodingException/printStackTrace,,,javax.crypto.KeyGenerator/init,
java.lang.Process/waitFor,,,android.hardware.Sensor/getVersion,
android.telephony.SmsMessage/getOriginatingAddress,,,java.util.zip.Deflater/Deflater,
android.net.wifi.WifiManager/getConfiguredNetworks,,,android.hardware.Sensor/getVendor,
java.lang.Process/getOutputStream,,,java.io.ByteArrayOutputStream/reset,
android.telephony.SmsMessage/getMessageBody,,,javax.crypto.KeyGenerator/generateKey,
javax.crypto.spec.DESKeySpec/DESKeySpec,,,java.io.OutputStreamWriter/close,
java.net.URISyntaxException/getCause,,,android.widget.RadioButton/setOnCheckedChangeListener,
android.webkit.WebSettings/getMinimumFontSize,,,android.telephony.SmsManager/sendMultipartTextMessage,
java.util.concurrent.FutureTask/done,,,javax.crypto.KeyGenerator/getInstance,
java.io.BufferedInputStream/reset,,,java.security.spec.RSAPublicKeySpec/RSAPublicKeySpec,
java.io.BufferedInputStream/mark,,,java.security.DigestInputStream/DigestInputStream,
java.security.Security/setProperty,,,android.graphics.NinePatch/isNinePatchChunk,
android.webkit.WebSettings/setMinimumFontSize,,,android.net.wifi.WifiManager/saveConfiguration,
android.webkit.WebView/setDownloadListener,,,android.widget.EditText/setGravity,
javax.crypto.NoSuchPaddingException/printStackTrace,,,java.net.URLConnection/getHeaderField,
java.security.InvalidKeyException/printStackTrace,,,android.graphics.drawable.NinePatchDrawable/NinePatchDrawable,
java.util.concurrent.ThreadPoolExecutor/getCompletedTaskCount,,,java.util.concurrent.ScheduledExecutorService/awaitTermination,
java.util.concurrent.ThreadPoolExecutor/getTaskCount,,,java.net.Proxy/Proxy,
android.webkit.WebSettings/setTextSize,,,java.io.FileWriter/close,
java.security.cert.Certificate/getPublicKey,,,java.io.BufferedReader/ready,
android.net.NetworkInfo/getExtraInfo,,,android.widget.RadioButton/isChecked,
java.util.zip.Adler32/reset,,,android.webkit.WebView/removeAllViews,
java.io.LineNumberReader/close,,,android.text.format.Time/Time,
java.util.jar.JarFile/entries,,,java.util.Properties/put,
java.util.jar.JarEntry/getName,,,org.apache.http.params.HttpConnectionParams/setStaleCheckingEnabled,
android.os.HandlerThread/isAlive,,,java.lang.Integer/byteValue,
android.location.LocationManager/setTestProviderEnabled,,,android.content.ContentResolver/delete,
android.telephony.SignalStrength/getEvdoSnr,,,android.widget.LinearLayout/setBackgroundDrawable,
android.app.AlertDialog/onCreate,,,java.lang.reflect.AccessibleObject/setAccessible,
java.security.spec.RSAPrivateCrtKeySpec/RSAPrivateCrtKeySpec,,,java.util.zip.GZIPOutputStream/finish,
android.view.animation.AlphaAnimation/start,,,android.view.Window/setIcon,
java.lang.Exception/fillInStackTrace,,,java.lang.IllegalAccessError/printStackTrace,
android.telephony.SignalStrength/getCdmaEcio,,,android.content.ContextWrapper/sendOrderedBroadcastAsUser,
java.text.SimpleDateFormat/applyLocalizedPattern,,,android.view.Window/setLogo,
java.security.interfaces.RSAPrivateKey/getModulus,,,android.content.ContextWrapper/sendStickyBroadcastAsUser,
java.net.URLClassLoader/loadClass,,,android.content.ContextWrapper/sendStickyOrderedBroadcastAsUser,
java.net.NetworkInterface/getDisplayName,,,android.content.ContextWrapper/sendBroadcastAsUser,
java.util.zip.Adler32/update,,,android.hardware.Sensor/getName,
java.util.zip.Adler32/getValue,,,android.content.ContextWrapper/sendStickyOrderedBroadcast,
java.nio.charset.CoderResult/toString,,,android.content.ContextWrapper/removeStickyBroadcast,
java.util.Date/toLocaleString,,,android.content.ContextWrapper/sendOrderedBroadcast,
java.security.interfaces.RSAPublicKey/getModulus,,,android.content.ContextWrapper/sendStickyBroadcast,
java.io.UnsupportedEncodingException/initCause,,,android.content.ContextWrapper/createPackageContext,
android.webkit.WebView/setVerticalScrollbarOverlay,,,java.lang.reflect.InvocationTargetException/printStackTrace,
javax.crypto.spec.DESedeKeySpec/DESedeKeySpec,,,java.io.BufferedWriter/write,
java.text.DateFormat/getInstance,,,android.widget.EditText/setTextSize,
java.io.LineNumberReader/readLine,,,android.content.ContextWrapper/stopService,
org.xmlpull.v1.XmlSerializer/setFeature,,,java.util.WeakHashMap/keySet,
android.telephony.cdma.CdmaCellLocation/getNetworkId,,,android.content.pm.ServiceInfo/ServiceInfo,
java.lang.Process/destroy,,,android.os.Bundle/getClassLoader,
java.io.LineNumberReader/LineNumberReader,,,org.xmlpull.v1.XmlPullParser/nextText,
android.content.res.Configuration/setToDefaults,,,android.view.Window/getLayoutInflater,
android.telephony.cdma.CdmaCellLocation/getBaseStationId,,,java.util.jar.Manifest/read,
android.net.SSLCertificateSocketFactory/getHttpSocketFactory,,,java.util.jar.Attributes/putAll,
java.util.jar.JarFile/close,,,java.util.zip.ZipEntry/setCompressedSize,
java.net.URL/getDefaultPort,,,android.webkit.WebChromeClient/onRequestFocus,
java.security.spec.RSAPrivateKeySpec/RSAPrivateKeySpec,,,android.app.Application/getDir,
org.apache.http.params.HttpParams/setIntParameter,,,javax.crypto.EncryptedPrivateKeyInfo/getKeySpec,
java.util.concurrent.ThreadPoolExecutor/getActiveCount,,,java.util.jar.Attributes/Attributes,
javax.net.ssl.HttpsURLConnection/setDefaultHostnameVerifier,,,java.util.jar.Attributes/putValue,
java.lang.ProcessBuilder/redirectErrorStream,,,android.app.Instrumentation/onException,
java.util.zip.Adler32/Adler32,,,android.app.Instrumentation/callActivityOnRestoreInstanceState,
java.util.Properties/store,,,android.app.Instrumentation/callActivityOnUserLeaving,
java.util.zip.GZIPOutputStream/flush,,,android.app.Instrumentation/callActivityOnPostCreate,
java.net.URLConnection/setDoInput,,,android.app.Instrumentation/callActivityOnSaveInstanceState,
android.bluetooth.BluetoothAdapter/getAddress,,,android.app.Instrumentation/callActivityOnStart,
java.security.cert.CertificateException/printStackTrace,,,dalvik.system.DexClassLoader/findLibrary,
android.content.Context/fileList,,,android.app.Instrumentation/callActivityOnNewIntent,
android.app.AlertDialog/AlertDialog,,,android.content.ContextWrapper/sendBroadcast,
java.nio.charset.CoderResult/isOverflow,,,android.widget.CheckBox/getTextColors,
java.util.zip.Deflater/finished,,,android.content.pm.ProviderInfo/ProviderInfo,
javax.crypto.SecretKeyFactory/generateSecret,,,,
javax.crypto.SecretKeyFactory/getInstance,,,,
java.net.URLClassLoader/URLClassLoader,,,,
android.webkit.WebSettings/setDefaultZoom,,,,
java.io.Reader/markSupported,,,,
android.telephony.SmsMessage/getDisplayOriginatingAddress,,,,
android.app.Application/Application,,,,
javax.crypto.Mac/getAlgorithm,,,,
android.app.Service/onStartCommand,,,,
java.lang.ClassLoader/getParent,,,,
android.widget.Button/setLeft,,,,
android.telephony.gsm.SmsManager/getDefault,,,,
android.telephony.SignalStrength/getEvdoDbm,,,,
java.lang.Character/toTitleCase,,,,
android.text.format.Time/set,,,,
android.webkit.WebView/saveWebArchive,,,,
android.app.Dialog/setOnKeyListener,,,,
java.util.SortedMap/putAll,,,,
java.security.SecureRandom/setSeed,,,,
android.net.wifi.WifiManager/disableNetwork,,,,
android.telephony.SmsMessage/getDisplayMessageBody,,,,
java.net.NetworkInterface/getByName,,,,
java.math.BigInteger/divideAndRemainder,,,,
android.net.wifi.WifiManager/disconnect,,,,
android.app.Dialog/dispatchKeyEvent,,,,
java.lang.StringBuffer/ensureCapacity,,,,
java.util.SortedSet/addAll,,,,
org.apache.http.conn.ConnectTimeoutException/printStackTrace,,,,
java.lang.Process/getInputStream,,,,
javax.crypto.CipherOutputStream/flush,,,,
javax.crypto.CipherOutputStream/write,,,,
android.telephony.gsm.GsmCellLocation/getLac,,,,
android.telephony.gsm.GsmCellLocation/getCid,,,,
javax.crypto.CipherOutputStream/close,,,,
android.webkit.WebView/removeJavascriptInterface,,,,
android.net.wifi.WifiManager/enableNetwork,,,,
android.widget.EditText/setFocusableInTouchMode,,,,
java.io.FileReader/read,,,,
java.io.FileNotFoundException/toString,,,,
android.telephony.cdma.CdmaCellLocation/getBaseStationLatitude,,,,
android.telephony.cdma.CdmaCellLocation/getBaseStationLongitude,,,,
android.text.Editable/toString,,,,
android.net.wifi.WifiManager/isWifiEnabled,,,,
android.app.Service/onStart,,,,
android.webkit.WebView/getVisibility,,,,
java.net.SocketException/printStackTrace,,,,
org.w3c.dom.Element/getElementsByTagName,,,,
android.widget.EditText/getContext,,,,
android.webkit.WebView/setTag,,,,
java.lang.ProcessBuilder/ProcessBuilder,,,,
android.text.format.Time/toMillis,,,,
java.text.SimpleDateFormat/applyPattern,,,,
android.app.Service/onLowMemory,,,,
android.widget.LinearLayout/setMinimumWidth,,,,
android.app.Application/attachBaseContext,,,,
java.lang.Character/Character,,,,
javax.crypto.Cipher/getBlockSize,,,,
android.telephony.SignalStrength/isGsm,,,,
java.net.NetworkInterface/getInetAddresses,,,,
android.telephony.PhoneStateListener/onSignalStrengthsChanged,,,,
android.net.NetworkInfo/isAvailable,,,,
java.util.WeakHashMap/size,,,,
java.util.jar.JarFile/JarFile,,,,
android.telephony.SignalStrength/getGsmSignalStrength,,,,
java.security.DigestInputStream/getMessageDigest,,,,
android.database.sqlite.SQLiteDatabase/isOpen,,,,
java.util.Hashtable/keys,,,,
android.content.pm.PackageManager/getPackageArchiveInfo,,,,
android.telephony.SignalStrength/getCdmaDbm,,,,
android.widget.Toast/cancel,,,,
java.nio.charset.IllegalCharsetNameException/IllegalCharsetNameException,,,,
java.nio.channels.FileChannel/lock,,,,
java.lang.NumberFormatException/printStackTrace,,,,
java.nio.channels.FileLock/release,,,,
java.lang.Float/Float,,,,
java.io.OutputStreamWriter/flush,,,,
java.net.SocketTimeoutException/printStackTrace,,,,
java.security.DigestInputStream/read,,,,
java.lang.StringBuffer/substring,,,,
android.net.wifi.WifiManager/updateNetwork,,,,
android.telephony.TelephonyManager/getSimState,,,,
android.app.Service/onConfigurationChanged,,,,
java.io.StringReader/close,,,,
android.webkit.CookieManager/removeAllCookie,,,,
android.widget.EditText/setFocusable,,,,
java.util.SortedSet/iterator,,,,
java.nio.charset.CoderResult/isError,,,,
android.telephony.cdma.CdmaCellLocation/getSystemId,,,,
java.io.BufferedWriter/close,,,,
javax.crypto.KeyGenerator/init,,,,
android.hardware.Sensor/getVersion,,,,
java.util.zip.Deflater/Deflater,,,,
android.hardware.Sensor/getVendor,,,,
java.io.ByteArrayOutputStream/reset,,,,
javax.crypto.KeyGenerator/generateKey,,,,
java.io.OutputStreamWriter/close,,,,
android.widget.RadioButton/setOnCheckedChangeListener,,,,
javax.crypto.KeyGenerator/getInstance,,,,
java.security.spec.RSAPublicKeySpec/RSAPublicKeySpec,,,,
java.security.DigestInputStream/DigestInputStream,,,,
android.graphics.NinePatch/isNinePatchChunk,,,,
android.net.wifi.WifiManager/saveConfiguration,,,,
android.widget.EditText/setGravity,,,,
java.net.URLConnection/getHeaderField,,,,
android.graphics.drawable.NinePatchDrawable/NinePatchDrawable,,,,
java.util.concurrent.ScheduledExecutorService/awaitTermination,,,,
java.net.Proxy/Proxy,,,,
java.io.FileWriter/close,,,,
java.io.BufferedReader/ready,,,,
android.widget.RadioButton/isChecked,,,,
android.webkit.WebView/removeAllViews,,,,
android.text.format.Time/Time,,,,
java.util.Properties/put,,,,
org.apache.http.params.HttpConnectionParams/setStaleCheckingEnabled,,,,
java.lang.Integer/byteValue,,,,
android.widget.LinearLayout/setBackgroundDrawable,,,,
java.lang.reflect.AccessibleObject/setAccessible,,,,
java.util.zip.GZIPOutputStream/finish,,,,
android.view.Window/setIcon,,,,
java.lang.IllegalAccessError/printStackTrace,,,,
android.content.ContextWrapper/sendOrderedBroadcastAsUser,,,,
android.view.Window/setLogo,,,,
android.content.ContextWrapper/sendStickyBroadcastAsUser,,,,
android.content.ContextWrapper/sendStickyOrderedBroadcastAsUser,,,,
android.content.ContextWrapper/sendBroadcastAsUser,,,,
android.hardware.Sensor/getName,,,,
android.content.ContextWrapper/sendStickyOrderedBroadcast,,,,
android.content.ContextWrapper/removeStickyBroadcast,,,,
android.content.ContextWrapper/sendOrderedBroadcast,,,,
android.content.ContextWrapper/sendStickyBroadcast,,,,
android.content.ContextWrapper/createPackageContext,,,,
java.lang.reflect.InvocationTargetException/printStackTrace,,,,
java.io.BufferedWriter/write,,,,
android.widget.EditText/setTextSize,,,,
android.content.ContextWrapper/stopService,,,,
java.util.WeakHashMap/keySet,,,,
android.content.pm.ServiceInfo/ServiceInfo,,,,
android.os.Bundle/getClassLoader,,,,
org.xmlpull.v1.XmlPullParser/nextText,,,,
android.view.Window/getLayoutInflater,,,,
java.util.jar.Manifest/read,,,,
java.util.jar.Attributes/putAll,,,,
java.util.zip.ZipEntry/setCompressedSize,,,,
android.webkit.WebChromeClient/onRequestFocus,,,,
android.app.Application/getDir,,,,
javax.crypto.EncryptedPrivateKeyInfo/getKeySpec,,,,
java.util.jar.Attributes/Attributes,,,,
java.util.jar.Attributes/putValue,,,,
android.app.Instrumentation/onException,,,,
android.app.Instrumentation/callActivityOnRestoreInstanceState,,,,
android.app.Instrumentation/callActivityOnUserLeaving,,,,
android.app.Instrumentation/callActivityOnPostCreate,,,,
android.app.Instrumentation/callActivityOnSaveInstanceState,,,,
android.app.Instrumentation/callActivityOnStart,,,,
dalvik.system.DexClassLoader/findLibrary,,,,
android.app.Instrumentation/callActivityOnNewIntent,,,,
android.content.ContextWrapper/sendBroadcast,,,,
android.widget.CheckBox/getTextColors,,,,
android.content.pm.ProviderInfo/ProviderInfo,,,,
java.lang.Runtime/getRuntime,,,,
java.lang.Runtime/load,,,,
java.lang.Runtime/loadLibrary,,,,
android.os.Environment/getDataDirectory,,,,
android.os.Environment/getDownloadCacheDirectory,,,,
android.os.Environment/getExternalStorageDirectory,,,,
android.os.Environment/getExternalStoragePublicDirectory,,,,
android.os.Environment/getRootDirectory,,,,
android.os.storage.StorageManager/getPrimaryStorageVolume,,,,
android.os.storage.StorageManager/getStorageVolumes,,,,
java.io.File/createNewFile,,,,
java.io.File/delete,,,,
java.io.File/listFiles,,,,
java.io.File/list,,,,
java.io.File/mkdir,,,,
java.io.File/renameTo,,,,
java.io.FileWriter/write,,,,
android.database.sqlite.SQLiteDatabase/create,,,,
android.database.sqlite.SQLiteDatabase/delete,,,,
android.database.sqlite.SQLiteDatabase/deleteDatabase,,,,
android.database.sqlite.SQLiteDatabase/execSQL,,,,
android.database.sqlite.SQLiteDatabase/insert,,,,
android.database.sqlite.SQLiteDatabase/insertWithOnConflict,,,,
android.database.sqlite.SQLiteDatabase/query,,,,
android.database.sqlite.SQLiteDatabase/rawQuery,,,,
android.database.sqlite.SQLiteDatabase/updateWithOnConflict,,,,
android.database.sqlite.SQLiteDatabase/update,,,,
android.database.sqlite.SQLiteOpenHelper/SQLiteOpenHelper,,,,
java.net.URLConnection/connect,,,,
java.net.HttpURLConnection/connect,,,,
java.net.Socket/connect,,,,
android.os.PowerManager/newWakeLock,,,,
android.content.Context/startService,,,,
android.content.Context/stopService,,,,
android.content.Context/bindService,,,,
android.app.ActivityManager/getRunningTasks,,,,
android.app.ActivityManager/getRunningServices,,,,
android.app.ActivityManager/getRunningAppProcesses,,,,
android.content.Context/startActivity,,,,
android.content.Context/sendBroadcast,,,,
android.content.Context/registerReceiver,,,,
java.lang.Class/forName,,,,
java.lang.Class/getDeclaredMethod,,,,
java.lang.Class/getDeclaredMethods,,,,
java.lang.Class/getDeclaredField,,,,
java.lang.reflect.Proxy/newProxyInstance,,,,
android.view.ViewManager/addView,,,,
android.view.ViewManager/removeView,,,,
android.view.ViewGroup/addView,,,,
android.widget.TextView/setText,,,,
android.view.WindowManager/aadView,,,,
javax.crypto.Cipher/getInstance,,,,
javax.crypto.Cipher/init,,,,
javax.crypto.spec.SecretKeySpec/SecretKeySpec,,,,
java.lang.ClassLoader/ClassLoader,,,,
dalvik.system.BaseDexClassLoader/BaseDexClassLoader,,,,
dalvik.system.PathClassLoader/PathClassLoader,,,,
dalvik.system.DexClassLoader/DexClassLoader,,,,
dalvik.system.DexFile/DexFile,,,,
dalvik.system.InMemoryDexClassLoader/InMemoryDexClassLoader,,,,
